{"loss_train": 0.0963, "loss_val": 0.1, "accuracy_val": 0.12, "epochs": 20, "_timestamp": 1679238207.7478497, "_runtime": 143.08888864517212, "_step": 19}