{"loss_train": 0.0599, "loss_val": 1.0604, "accuracy_val": 0.8, "epochs": 25, "_timestamp": 1679227483.8285604, "_runtime": 475.137478351593, "_step": 24}