{"loss_train": 0.5158, "loss_val": 1.0132, "accuracy_val": 0.57, "epochs": 5, "_timestamp": 1679247924.625824, "_runtime": 25.13026189804077, "_step": 4}