{"loss_train": 0.7017, "loss_val": 1.0266, "accuracy_val": 0.71, "epochs": 100, "_timestamp": 1679217640.692669, "_runtime": 188.7429699897766, "_step": 99, "_wandb": {"runtime": 187}}