{"loss_train": 0.4669, "loss_val": 0.9785, "accuracy_val": 0.8, "epochs": 20, "_timestamp": 1679248201.0355427, "_runtime": 249.75998663902283, "_step": 20, "confusion_matrix": {"_type": "image-file", "sha256": "dc88cca5729b95233b4cb6dac21ff7b69d5de83ae449470972642bd18b4af41c", "size": 42375, "path": "media/images/confusion_matrix_20_dc88cca5729b95233b4c.png", "format": "png", "width": 640, "height": 480}, "_wandb": {"runtime": 248}}