{"loss_train": 0.0268, "loss_val": 1.0715, "accuracy_val": 0.88, "epochs": 51, "_timestamp": 1679230734.371153, "_runtime": 3151.6504151821136, "_step": 50}