{"loss_train": 0.4962, "loss_val": 1.0199, "accuracy_val": 0.65, "epochs": 40, "_timestamp": 1679239382.5077786, "_runtime": 290.4367506504059, "_step": 39, "_wandb": {"runtime": 288}}