{"loss_train": NaN, "loss_val": NaN, "accuracy_val": 0.1, "epochs": 50, "_timestamp": 1679205391.6830487, "_runtime": 125.01986479759216, "_step": 49, "_wandb": {"runtime": 123}}