{"loss_train": 0.6557, "loss_val": 1.0209, "accuracy_val": 0.56, "epochs": 100, "_timestamp": 1679217436.5339222, "_runtime": 207.24300026893616, "_step": 99, "_wandb": {"runtime": 205}}