{"loss_train": 0.0835, "loss_val": 1.0388, "accuracy_val": 0.88, "epochs": 1, "_timestamp": 1679247830.5760925, "_runtime": 88.98454141616821, "_step": 0}