{"loss_train": 0.0838, "loss_val": 1.0455, "accuracy_val": 0.8, "epochs": 1, "_timestamp": 1679243963.48299, "_runtime": 61.84085011482239, "_step": 0}