{"loss_train": 0.0629, "loss_val": 1.0503, "accuracy_val": 0.8, "epochs": 3, "_timestamp": 1679211228.166317, "_runtime": 38.301398038864136, "_step": 2}