{"loss_train": 3.1606, "loss_val": 599.9551, "accuracy_val": 0.1, "epochs": 14, "_timestamp": 1679237379.2288427, "_runtime": 37.59779167175293, "_step": 13}