{"loss_train": 0.4033, "loss_val": 0.9853, "accuracy_val": 0.68, "epochs": 12, "_timestamp": 1679243861.4625762, "_runtime": 97.65246415138245, "_step": 11}