{"loss_train": 0.5348, "loss_val": 0.9812, "accuracy_val": 0.53, "epochs": 100, "_timestamp": 1679218497.413545, "_runtime": 300.15423583984375, "_step": 99, "_wandb": {"runtime": 298}}