{"loss_train": 0.1392, "loss_val": 1.0393, "accuracy_val": 0.55, "epochs": 4, "_timestamp": 1679210046.8025618, "_runtime": 49.93589377403259, "_step": 3}