{"loss_train": 0.6573, "loss_val": 1.0179, "accuracy_val": 0.73, "epochs": 100, "_timestamp": 1679218764.1755037, "_runtime": 244.89411282539368, "_step": 99, "_wandb": {"runtime": 243}}