{"loss_train": 0.0383, "loss_val": 1.0591, "accuracy_val": 0.86, "epochs": 30, "_timestamp": 1679212586.9887075, "_runtime": 413.49305844306946, "_step": 29}