{"loss_train": 0.5341, "loss_val": 1.0391, "accuracy_val": 0.67, "epochs": 3, "_timestamp": 1679249552.2070186, "_runtime": 18.094242572784424, "_step": 2}