{"loss_train": 0.4189, "loss_val": 0.9567, "accuracy_val": 0.83, "epochs": 20, "_timestamp": 1679249993.311498, "_runtime": 353.45659589767456, "_step": 20, "confusion_matrix": {"_type": "image-file", "sha256": "b59f2750a3a464783fb3384739753c7c43c0b1ae5e07a0b9bae033864ed61e43", "size": 39825, "path": "media/images/confusion_matrix_20_b59f2750a3a464783fb3.png", "format": "png", "width": 640, "height": 480}, "_wandb": {"runtime": 351}}