{"loss_train": NaN, "loss_val": NaN, "accuracy_val": 0.1, "epochs": 100, "_timestamp": 1679216164.2459223, "_runtime": 243.25042629241943, "_step": 99, "_wandb": {"runtime": 239}}