{"loss_train": 0.0965, "loss_val": 0.1, "accuracy_val": 0.1, "epochs": 20, "_timestamp": 1679237783.4951947, "_runtime": 53.51018571853638, "_step": 19, "_wandb": {"runtime": 51}}