{"loss_train": NaN, "loss_val": NaN, "accuracy_val": 0.1, "epochs": 100, "_timestamp": 1679216649.133743, "_runtime": 202.68937516212463, "_step": 99, "_wandb": {"runtime": 201}}