{"loss_train": 0.6064, "loss_val": 1.0904, "accuracy_val": 0.42, "epochs": 13, "_timestamp": 1679204439.043552, "_runtime": 63.91671800613403, "_step": 12}