{"loss_train": NaN, "loss_val": NaN, "accuracy_val": 0.1, "epochs": 15, "_timestamp": 1679204540.2325191, "_runtime": 31.389808177947998, "_step": 14}