{"loss_train": 0.575, "loss_val": 1.0039, "accuracy_val": 0.65, "epochs": 100, "_timestamp": 1679215276.0677996, "_runtime": 185.30294346809387, "_step": 99, "_wandb": {"runtime": 183}}