{"loss_train": 0.035, "loss_val": 1.0652, "accuracy_val": 0.87, "epochs": 14, "_timestamp": 1679235241.4908466, "_runtime": 1050.2348487377167, "_step": 13}