{"loss_train": 0.0559, "loss_val": 1.0359, "accuracy_val": 0.8, "epochs": 26, "_timestamp": 1679231651.1425865, "_runtime": 595.7813425064087, "_step": 25}