{"loss_train": 0.6195, "loss_val": 0.9994, "accuracy_val": 0.74, "epochs": 100, "_timestamp": 1679219432.9946873, "_runtime": 350.52582335472107, "_step": 99, "_wandb": {"runtime": 348}}