{"loss_train": 0.6873, "loss_val": 1.0105, "accuracy_val": 0.72, "epochs": 100, "_timestamp": 1679218174.5783434, "_runtime": 277.90099930763245, "_step": 99, "_wandb": {"runtime": 276}}