{"loss_train": NaN, "loss_val": NaN, "accuracy_val": 0.1, "epochs": 100, "_timestamp": 1679216429.2695568, "_runtime": 250.92554664611816, "_step": 99, "_wandb": {"runtime": 247}}