{"loss_train": 0.0834, "loss_val": 1.0519, "accuracy_val": 0.8, "epochs": 1, "_timestamp": 1679244092.9885771, "_runtime": 68.43732619285583, "_step": 0}