{"loss_train": 0.5481, "loss_val": 1.0504, "accuracy_val": 0.51, "epochs": 6, "_timestamp": 1679248918.556138, "_runtime": 47.05418014526367, "_step": 5}