{"loss_train": 0.0346, "loss_val": 1.0628, "accuracy_val": 0.87, "epochs": 59, "_timestamp": 1679212115.5116253, "_runtime": 839.8791522979736, "_step": 58}