{"loss_train": 0.7107, "loss_val": 1.0355, "accuracy_val": 0.56, "epochs": 3, "_timestamp": 1679208667.4381988, "_runtime": 23.535335779190063, "_step": 2}