{"loss_train": 0.0316, "loss_val": 1.0652, "accuracy_val": 0.88, "epochs": 25, "_timestamp": 1679245753.7755344, "_runtime": 1617.9039883613586, "_step": 25, "confusion_matrix": {"_type": "image-file", "sha256": "abb99bf00a509ff80d909feaad1b59af6baba2d073215064766d3a74deaf7213", "size": 40021, "path": "media/images/confusion_matrix_25_abb99bf00a509ff80d90.png", "format": "png", "width": 640, "height": 480}, "_wandb": {"runtime": 1616}}