{"loss_train": 0.529, "loss_val": 1.0404, "accuracy_val": 0.46, "epochs": 3, "_timestamp": 1679243506.2694383, "_runtime": 25.59419822692871, "_step": 3, "confusion_matrix": {"_type": "image-file", "sha256": "6b85dd6bcc5ded7bd15877bc2ca76de216d13e75ef71438640ad7d47f0787add", "size": 38991, "path": "media/images/confusion_matrix_3_6b85dd6bcc5ded7bd158.png", "format": "png", "width": 640, "height": 480}, "_wandb": {"runtime": 23}}