{"loss_train": NaN, "loss_val": NaN, "accuracy_val": 0.1, "epochs": 100, "_timestamp": 1679213220.9026608, "_runtime": 143.71087288856506, "_step": 99, "_wandb": {"runtime": 142}}