{"loss_train": 0.4795, "loss_val": 0.9824, "accuracy_val": 0.78, "epochs": 20, "_timestamp": 1679248648.1324725, "_runtime": 250.1561005115509, "_step": 20, "confusion_matrix": {"_type": "image-file", "sha256": "046c9af6283419e26c478607f21fd3329cb737560e94c64a999e4a30e07e2d97", "size": 41655, "path": "media/images/confusion_matrix_20_046c9af6283419e26c47.png", "format": "png", "width": 640, "height": 480}, "_wandb": {"runtime": 248}}