{"loss_train": 0.4786, "loss_val": 0.9797, "accuracy_val": 0.82, "epochs": 20, "_timestamp": 1679249244.4003189, "_runtime": 264.58237290382385, "_step": 20, "confusion_matrix": {"_type": "image-file", "sha256": "261bff895a88596b5b3b57dfb6fd46dfdb671ffb01cb503109aa1f2c79acedad", "size": 41959, "path": "media/images/confusion_matrix_20_261bff895a88596b5b3b.png", "format": "png", "width": 640, "height": 480}, "_wandb": {"runtime": 262}}